label,query,topic_id,topic_url,post_number,post_url,attachment_url,download_url,saved_file,status,kind,bytes,error,normalized_label,expert_username,expert_quote,label_source
vibration_high,high vibration crash .bin,42329,https://discuss.ardupilot.org/t/crash-help-with-bin-analysis/42329,1,https://discuss.ardupilot.org/t/crash-help-with-bin-analysis/42329/1,https://discuss.ardupilot.org/uploads/default/original/3X/7/6/76e9fe83154fe88ff318770a60b493056acb5ad0.bin,https://discuss.ardupilot.org/uploads/default/original/3X/7/6/76e9fe83154fe88ff318770a60b493056acb5ad0.bin,log_0001_vibration_high.bin,downloaded,bin,987473,,,,,
vibration_high,high vibration crash .bin,60815,https://discuss.ardupilot.org/t/copter-crash-althold/60815,1,https://discuss.ardupilot.org/t/copter-crash-althold/60815/1,https://discuss.ardupilot.org/uploads/short-url/nXvTLdPIdPX5qTGHEma1Ap4asC5.BIN,https://discuss.ardupilot.org/uploads/short-url/nXvTLdPIdPX5qTGHEma1Ap4asC5.BIN,log_0002_vibration_high.bin,downloaded,bin,879560,,,,,
vibration_high,high vibration crash .bin,83521,https://discuss.ardupilot.org/t/crash-hexacopter-suddenly-crashed-while-auto/83521,1,https://discuss.ardupilot.org/t/crash-hexacopter-suddenly-crashed-while-auto/83521/1,https://www.dropbox.com/s/dunql28hfaatnw6/crash.BIN?dl=1,https://www.dropbox.com/s/dunql28hfaatnw6/crash.BIN?dl=1,log_0003_vibration_high.bin,downloaded,bin,3911181,,,,,
vibration_high,high vibration crash .bin,15264,https://discuss.ardupilot.org/t/is-there-a-vibration-issue-here/15264,1,https://discuss.ardupilot.org/t/is-there-a-vibration-issue-here/15264/1,https://discuss.ardupilot.org/uploads/default/original/2X/4/432a250d1ee9eba3884d92235219876f0514a8d1.bin,https://discuss.ardupilot.org/uploads/default/original/2X/4/432a250d1ee9eba3884d92235219876f0514a8d1.bin,log_0004_vibration_high.bin,downloaded,bin,1132316,,,,,
vibration_high,high vibration crash .bin,7594,https://discuss.ardupilot.org/t/loiter-mode-climb-drift-and-crash/7594,1,https://discuss.ardupilot.org/t/loiter-mode-climb-drift-and-crash/7594/1,https://www.dropbox.com/s/989sciu6lhluz61/Flight%20log.BIN?dl=0,https://www.dropbox.com/s/989sciu6lhluz61/Flight%20log.BIN?dl=1,log_0005_vibration_high.bin,downloaded,bin,3941630,,,,,
vibration_high,high vibration crash .bin,19146,https://discuss.ardupilot.org/t/automission-misses-wp2-flyaway-crash/19146,1,https://discuss.ardupilot.org/t/automission-misses-wp2-flyaway-crash/19146/1,https://discuss.ardupilot.org/uploads/default/original/2X/1/1a986c229c77716723b88a520e04cacb91ae6803.BIN,https://discuss.ardupilot.org/uploads/default/original/2X/1/1a986c229c77716723b88a520e04cacb91ae6803.BIN,log_0006_vibration_high.bin,downloaded,bin,830387,,,,,
vibration_high,high vibration crash .bin,35426,https://discuss.ardupilot.org/t/crash-cause-analysis/35426,12,https://discuss.ardupilot.org/t/crash-cause-analysis/35426/12,https://www.dropbox.com/s/xhdseepjvhrblth/2018-12-04%2012-35-01.bin?dl=0,https://www.dropbox.com/s/xhdseepjvhrblth/2018-12-04%2012-35-01.bin?dl=1,,not_log_payload,html,98532,,vibration_high,mboland,"For a start looking at the 13-59-41.bin you seem to have a real vibration problem so you are correct, may above expected maximums. I am more curious why it doesn’t show up in the Vibe log but the IMU are way too high and Vibe clipping started when things went south. Screen Shot 2018-11-30 at 1.43.02 pm.jpg 2521×953 565 KB The repeated switching between compasses would indicate a compass issue. Have you done a motor/c",developer_post
vibration_high,high vibration crash .bin,35426,https://discuss.ardupilot.org/t/crash-cause-analysis/35426,19,https://discuss.ardupilot.org/t/crash-cause-analysis/35426/19,https://www.dropbox.com/s/tx3dbcn61skhfn1/2019-02-07%2011-33-55.bin?dl=0,https://www.dropbox.com/s/tx3dbcn61skhfn1/2019-02-07%2011-33-55.bin?dl=1,,not_log_payload,html,99118,,vibration_high,mboland,"For a start looking at the 13-59-41.bin you seem to have a real vibration problem so you are correct, may above expected maximums. I am more curious why it doesn’t show up in the Vibe log but the IMU are way too high and Vibe clipping started when things went south. Screen Shot 2018-11-30 at 1.43.02 pm.jpg 2521×953 565 KB The repeated switching between compasses would indicate a compass issue. Have you done a motor/c",developer_post
vibration_high,high vibration crash .bin,141437,https://discuss.ardupilot.org/t/crash-analysis-uncommanded-dip-in-throttle/141437,1,https://discuss.ardupilot.org/t/crash-analysis-uncommanded-dip-in-throttle/141437/1,https://www.dropbox.com/scl/fi/lv14e0nn46t9ymfeb5xev/00000009.BIN?rlkey=tqq7sear37s3n5fbshueps25y&amp;dl=0,https://www.dropbox.com/scl/fi/lv14e0nn46t9ymfeb5xev/00000009.BIN?rlkey=tqq7sear37s3n5fbshueps25y&amp;dl=1,,download_failed,,0,HTTP Error 400: Bad Request,rc_failsafe,Leonardthall,It looks like your throttle input commanded the decent. Was there any chance you have an RC failsafe set that would go to minimum throttle or something like that? image 1785×915 126 KB,developer_post
vibration_high,high vibration crash .bin,141437,https://discuss.ardupilot.org/t/crash-analysis-uncommanded-dip-in-throttle/141437,11,https://discuss.ardupilot.org/t/crash-analysis-uncommanded-dip-in-throttle/141437/11,https://www.dropbox.com/scl/fi/me9rznskpq5wkkmlbko9c/BIN-Files.zip?rlkey=ifmb6n2ixcyngrnyt56u08f87&amp;dl=0,https://www.dropbox.com/scl/fi/me9rznskpq5wkkmlbko9c/BIN-Files.zip?rlkey=ifmb6n2ixcyngrnyt56u08f87&amp;dl=1,,download_failed,,0,HTTP Error 400: Bad Request,rc_failsafe,Leonardthall,It looks like your throttle input commanded the decent. Was there any chance you have an RC failsafe set that would go to minimum throttle or something like that? image 1785×915 126 KB,developer_post
vibration_high,high vibration crash .bin,43780,https://discuss.ardupilot.org/t/unstable-drone-after-takeoff-crashes/43780,10,https://discuss.ardupilot.org/t/unstable-drone-after-takeoff-crashes/43780/10,https://discuss.ardupilot.org/uploads/default/original/3X/4/d/4d5d0263578b30d894308c2e124f0a2cc3cdc1e6.bin,https://discuss.ardupilot.org/uploads/default/original/3X/4/d/4d5d0263578b30d894308c2e124f0a2cc3cdc1e6.bin,log_0007_vibration_high.bin,downloaded,bin,894088,,,,,
vibration_high,high vibration crash .bin,112518,https://discuss.ardupilot.org/t/plane-4-5-0-beta-release/112518,12,https://discuss.ardupilot.org/t/plane-4-5-0-beta-release/112518/12,https://www.dropbox.com/scl/fi/oxjb297s4j1bevisz7dv4/log_79_2024-2-7-14-05-00.bin?rlkey=a0k2al52u5s2gzbusomqd7h7a&amp;dl=0,https://www.dropbox.com/scl/fi/oxjb297s4j1bevisz7dv4/log_79_2024-2-7-14-05-00.bin?rlkey=a0k2al52u5s2gzbusomqd7h7a&amp;dl=1,,download_failed,,0,HTTP Error 400: Bad Request,rc_failsafe,tridge,"ArduPilotPlanePorter 750×316 48 KB We have just released plane 4.5.0-beta1. This is a major release with a huge number of changes. The most visible change for plane users in 4.5.x is that we have renamed a significant number of parameters and changed them from centimeters and centidegrees to meters and degrees. Not all centimeter and centidegree parameters have been done, only those that are specific to plane users. ",developer_post
compass_interference,compass variance crash .bin,79424,https://discuss.ardupilot.org/t/crash-analysis-please-crash-after-errors-velocity-variance-compass-variance-pos-horiz-variance-ekf/79424,1,https://discuss.ardupilot.org/t/crash-analysis-please-crash-after-errors-velocity-variance-compass-variance-pos-horiz-variance-ekf/79424/1,https://www.dropbox.com/s/fuc6b3t3i5n9hfk/00000110.BIN?dl=0,https://www.dropbox.com/s/fuc6b3t3i5n9hfk/00000110.BIN?dl=1,,not_log_payload,html,191213,,,,,
compass_interference,compass variance crash .bin,26675,https://discuss.ardupilot.org/t/hexacopter-drifting-away-crash-log-video/26675,1,https://discuss.ardupilot.org/t/hexacopter-drifting-away-crash-log-video/26675/1,https://discuss.ardupilot.org/uploads/default/original/2X/a/ae37876c5612fc9b39ec4f964e98711c1486eb27.BIN,https://discuss.ardupilot.org/uploads/default/original/2X/a/ae37876c5612fc9b39ec4f964e98711c1486eb27.BIN,log_0008_compass_interference.bin,downloaded,bin,806912,,compass_interference,mboland,"1st mistake, arming checks disabled. 2nd mistake, not having a LARGE area to test in considering you were relying solely on guided mode without first trimming and checking flight characteristics. 3rd mistake, too close to trees - really relates to 2 but it may have contributed to your GPS glitch. Apart from that I think it was doing quite well until it hit the tree. An RC is recommended for the very reasons you exper",developer_post
compass_interference,compass variance crash .bin,26675,https://discuss.ardupilot.org/t/hexacopter-drifting-away-crash-log-video/26675,6,https://discuss.ardupilot.org/t/hexacopter-drifting-away-crash-log-video/26675/6,https://discuss.ardupilot.org/uploads/default/original/2X/a/a24e9cfb9ae25e08979a327589b805e2bcbc122c.zip,https://discuss.ardupilot.org/uploads/default/original/2X/a/a24e9cfb9ae25e08979a327589b805e2bcbc122c.zip,log_0009_compass_interference.zip,downloaded,zip,1019903,,compass_interference,mboland,"1st mistake, arming checks disabled. 2nd mistake, not having a LARGE area to test in considering you were relying solely on guided mode without first trimming and checking flight characteristics. 3rd mistake, too close to trees - really relates to 2 but it may have contributed to your GPS glitch. Apart from that I think it was doing quite well until it hit the tree. An RC is recommended for the very reasons you exper",developer_post
compass_interference,compass variance crash .bin,33345,https://discuss.ardupilot.org/t/crash-analysis-strange-flight-behavior/33345,1,https://discuss.ardupilot.org/t/crash-analysis-strange-flight-behavior/33345/1,https://discuss.ardupilot.org/uploads/default/original/3X/0/b/0beedf6d3ca0b7cfee74a05c5236accaf7161563.BIN,https://discuss.ardupilot.org/uploads/default/original/3X/0/b/0beedf6d3ca0b7cfee74a05c5236accaf7161563.BIN,log_0010_compass_interference.bin,downloaded,bin,94208,,,,,
compass_interference,compass variance crash .bin,19650,https://discuss.ardupilot.org/t/major-ek2-fail-and-big-crash/19650,1,https://discuss.ardupilot.org/t/major-ek2-fail-and-big-crash/19650/1,https://discuss.ardupilot.org/uploads/default/original/2X/1/1ddc2051ccc5fd63ccf9aee6528a05afacc9e5d3.bin,https://discuss.ardupilot.org/uploads/default/original/2X/1/1ddc2051ccc5fd63ccf9aee6528a05afacc9e5d3.bin,log_0011_compass_interference.bin,downloaded,bin,376832,,,,,
compass_interference,compass variance crash .bin,11636,https://discuss.ardupilot.org/t/copter-3-4-rc5-possible-imu-or-compass-issues/11636,1,https://discuss.ardupilot.org/t/copter-3-4-rc5-possible-imu-or-compass-issues/11636/1,https://discuss.ardupilot.org/uploads/default/original/2X/8/87ff98701613197d40b5d92732c7cff4fee0e310.BIN,https://discuss.ardupilot.org/uploads/default/original/2X/8/87ff98701613197d40b5d92732c7cff4fee0e310.BIN,log_0012_compass_interference.bin,downloaded,bin,3595537,,,,,
compass_interference,compass variance crash .bin,11636,https://discuss.ardupilot.org/t/copter-3-4-rc5-possible-imu-or-compass-issues/11636,11,https://discuss.ardupilot.org/t/copter-3-4-rc5-possible-imu-or-compass-issues/11636/11,https://discuss.ardupilot.org/uploads/default/original/2X/f/f763ac9bcc8045da915143af8dc48d7db71ec2f5.zip,https://discuss.ardupilot.org/uploads/default/original/2X/f/f763ac9bcc8045da915143af8dc48d7db71ec2f5.zip,log_0013_compass_interference.zip,downloaded,zip,1895204,,,,,
compass_interference,compass variance crash .bin,18967,https://discuss.ardupilot.org/t/two-crashes-with-ekf-variance-errors-ekf-ground-mag-anomaly/18967,1,https://discuss.ardupilot.org/t/two-crashes-with-ekf-variance-errors-ekf-ground-mag-anomaly/18967/1,https://discuss.ardupilot.org/uploads/default/original/2X/8/823a17839374e27630f47a36592bf6f9a2446264.BIN,https://discuss.ardupilot.org/uploads/default/original/2X/8/823a17839374e27630f47a36592bf6f9a2446264.BIN,,download_failed,,0,HTTP Error 404: Not Found,,,,
compass_interference,compass variance crash .bin,18967,https://discuss.ardupilot.org/t/two-crashes-with-ekf-variance-errors-ekf-ground-mag-anomaly/18967,1,https://discuss.ardupilot.org/t/two-crashes-with-ekf-variance-errors-ekf-ground-mag-anomaly/18967/1,https://discuss.ardupilot.org/uploads/default/original/2X/4/49624c5ff61d24724fad519ba53c9930042682fe.BIN,https://discuss.ardupilot.org/uploads/default/original/2X/4/49624c5ff61d24724fad519ba53c9930042682fe.BIN,,download_failed,,0,HTTP Error 404: Not Found,,,,
compass_interference,compass variance crash .bin,18967,https://discuss.ardupilot.org/t/two-crashes-with-ekf-variance-errors-ekf-ground-mag-anomaly/18967,2,https://discuss.ardupilot.org/t/two-crashes-with-ekf-variance-errors-ekf-ground-mag-anomaly/18967/2,https://discuss.ardupilot.org/uploads/default/original/2X/3/343bb7e1ced330fe80081f855260e6b7d80545e0.BIN,https://discuss.ardupilot.org/uploads/default/original/2X/3/343bb7e1ced330fe80081f855260e6b7d80545e0.BIN,,download_failed,,0,HTTP Error 404: Not Found,,,,
compass_interference,compass variance crash .bin,134619,https://discuss.ardupilot.org/t/plane-4-6-release/134619,19,https://discuss.ardupilot.org/t/plane-4-6-release/134619/19,https://www.dropbox.com/scl/fi/hjud02ur3a0klkj8ei4yg/2025-07-12-15-45-59-secondo-atterraggio-aridaie-sbatte-gi-il-musso-armare-alto-se-no-si-rischia-aumentare-flare-sci-anche-sul-wing-arriva-a-40-ampere.bin?rlkey=ejcyi9au3tnd6z9yc6cdfnq8v&amp;st=jan5tsdo&amp;dl=0,https://www.dropbox.com/scl/fi/hjud02ur3a0klkj8ei4yg/2025-07-12-15-45-59-secondo-atterraggio-aridaie-sbatte-gi-il-musso-armare-alto-se-no-si-rischia-aumentare-flare-sci-anche-sul-wing-arriva-a-40-ampere.bin?rlkey=ejcyi9au3tnd6z9yc6cdfnq8v&amp;st=jan5tsdo&amp;dl=1,,download_failed,,0,HTTP Error 400: Bad Request,rc_failsafe,tridge,"Cobra1_display 1920×846 148 KB After many months of development and beta testing, ArduPilot-4.6.0 has been released as the stable/official version for planes, copters, traditional helicopters, rovers, boats and antenna trackers! Thanks and congratulations to all who contributed to this momentous release including the developers, beta testers, wiki updaters, users and Partners! Warnings The LD06/LD19 360deg lidar driv",developer_post
compass_interference,compass variance crash .bin,134619,https://discuss.ardupilot.org/t/plane-4-6-release/134619,26,https://discuss.ardupilot.org/t/plane-4-6-release/134619/26,https://www.dropbox.com/scl/fi/bci6ybemmsv87y0kkchbg/2025-11-05-16-45-47-solo-l-ultimo-ha-flarrato-bene.bin?rlkey=nb8b2miwzpr4pjh9tzyacj2yg&amp;st=2eyol2d1&amp;dl=0,https://www.dropbox.com/scl/fi/bci6ybemmsv87y0kkchbg/2025-11-05-16-45-47-solo-l-ultimo-ha-flarrato-bene.bin?rlkey=nb8b2miwzpr4pjh9tzyacj2yg&amp;st=2eyol2d1&amp;dl=1,,download_failed,,0,HTTP Error 400: Bad Request,rc_failsafe,tridge,"Cobra1_display 1920×846 148 KB After many months of development and beta testing, ArduPilot-4.6.0 has been released as the stable/official version for planes, copters, traditional helicopters, rovers, boats and antenna trackers! Thanks and congratulations to all who contributed to this momentous release including the developers, beta testers, wiki updaters, users and Partners! Warnings The LD06/LD19 360deg lidar driv",developer_post
compass_interference,compass variance crash .bin,38666,https://discuss.ardupilot.org/t/crash-spinning-quad-on-pixracer-r15-arducopter-3-6-6/38666,12,https://discuss.ardupilot.org/t/crash-spinning-quad-on-pixracer-r15-arducopter-3-6-6/38666/12,https://discuss.ardupilot.org/uploads/default/original/3X/2/1/2171cb7df0f5e05ccf0ab8d94e15780afacc260e.zip,https://discuss.ardupilot.org/uploads/default/original/3X/2/1/2171cb7df0f5e05ccf0ab8d94e15780afacc260e.zip,log_0014_compass_interference.zip,downloaded,zip,1255,,,,,
gps_quality_poor,gps glitch hdop crash .bin,9269,https://discuss.ardupilot.org/t/3dr-iris-crashed-after-3-successful-waypoints-mission/9269,1,https://discuss.ardupilot.org/t/3dr-iris-crashed-after-3-successful-waypoints-mission/9269/1,https://www.dropbox.com/s/d6ajlsgoivhtbj2/187.BIN?dl=0,https://www.dropbox.com/s/d6ajlsgoivhtbj2/187.BIN?dl=1,,not_log_payload,html,97636,,,,,
gps_quality_poor,gps glitch hdop crash .bin,9269,https://discuss.ardupilot.org/t/3dr-iris-crashed-after-3-successful-waypoints-mission/9269,3,https://discuss.ardupilot.org/t/3dr-iris-crashed-after-3-successful-waypoints-mission/9269/3,https://discuss.ardupilot.org/uploads/default/original/2X/a/adab74336ca2529838e73deed416877ddca176de.BIN,https://discuss.ardupilot.org/uploads/default/original/2X/a/adab74336ca2529838e73deed416877ddca176de.BIN,log_0015_gps_quality_poor.bin,downloaded,bin,920999,,,,,
gps_quality_poor,gps glitch hdop crash .bin,4599,https://discuss.ardupilot.org/t/uncontrolled-climbing-throttle-down/4599,1,https://discuss.ardupilot.org/t/uncontrolled-climbing-throttle-down/4599/1,https://www.dropbox.com/s/b7bn43paj2lplgs/2015-01-25%2015-25-09%2026.bin.log?dl=0,https://www.dropbox.com/s/b7bn43paj2lplgs/2015-01-25%2015-25-09%2026.bin.log?dl=1,,not_log_payload,html,99060,,,,,
gps_quality_poor,gps glitch hdop crash .bin,4599,https://discuss.ardupilot.org/t/uncontrolled-climbing-throttle-down/4599,1,https://discuss.ardupilot.org/t/uncontrolled-climbing-throttle-down/4599/1,https://www.dropbox.com/s/hspzaylp1c5d2iy/2015-01-25%2015-25-31%2027.bin.log?dl=0,https://www.dropbox.com/s/hspzaylp1c5d2iy/2015-01-25%2015-25-31%2027.bin.log?dl=1,,not_log_payload,html,99430,,,,,
gps_quality_poor,gps glitch hdop crash .bin,5575,https://discuss.ardupilot.org/t/hovering-in-loiter-rolled-into-the-ground/5575,1,https://discuss.ardupilot.org/t/hovering-in-loiter-rolled-into-the-ground/5575/1,https://www.dropbox.com/s/6novg7vsppuintp/2015-04-24%2012-25-02.bin?dl=0,https://www.dropbox.com/s/6novg7vsppuintp/2015-04-24%2012-25-02.bin?dl=1,,not_log_payload,html,98534,,gps_quality_poor,TCIII,"@airfix4 , Here is an Auto Analysis of your bin file: Size (kb) 5893.009765625 No of lines 79764 Duration 5 days, 17:30:40 Vehicletype ArduCopter Firmware Version V3.2.1 Firmware Hash 36b405fb Hardware Type Free Mem 0 Skipped Lines 1 Test: Autotune = UNKNOWN - No ATUN log data Test: Balance/Twist = GOOD - Test: Brownout = GOOD - Test: Compass = WARN - Moderate change in mag_field (33.28%) Max mag field length (664.60",developer_post
gps_quality_poor,gps glitch hdop crash .bin,105233,https://discuss.ardupilot.org/t/copter-4-4-0-released/105233,5,https://discuss.ardupilot.org/t/copter-4-4-0-released/105233/5,https://www.dropbox.com/scl/fi/1rzna1va0h2lq0rmel5f8/2023-08-18-07-53-22.bin?rlkey=1dydesq4b80k0p9borvtnpgdd&amp;dl=0,https://www.dropbox.com/scl/fi/1rzna1va0h2lq0rmel5f8/2023-08-18-07-53-22.bin?rlkey=1dydesq4b80k0p9borvtnpgdd&amp;dl=1,,download_failed,,0,HTTP Error 400: Bad Request,gps_quality_poor,rmackay9,"After months of beta testing, Copter-4.4.0 has been released as the official / stable version for multicopters and helicopters. The new version can be installed using Mission Planner, QGC or you can manually download the binary from firmware.ardupilot.org . The full list of changes can be seen in the ReleaseNotes and they are copied below. As with other releases, parameters are automatically upgraded so there should ",developer_post
sudden_yaw,sudden yaw .bin,12977,https://discuss.ardupilot.org/t/maiden-going-perfectly-then-sudden-flip-over/12977,1,https://discuss.ardupilot.org/t/maiden-going-perfectly-then-sudden-flip-over/12977/1,https://discuss.ardupilot.org/uploads/default/original/2X/6/64a10eba04f3274680464f44d4785fa11bf39182.BIN,https://discuss.ardupilot.org/uploads/default/original/2X/6/64a10eba04f3274680464f44d4785fa11bf39182.BIN,log_0016_sudden_yaw.bin,downloaded,bin,607853,,ekf_failure,peterbarker,"Sorry i don’t have time to root-cause this, but some observations: the vehicle self-assessed itself as having a broken magnetometer { ""duration"" : 2.6308739185333252, ""duration-units"" : ""seconds"", ""evilness"" : 10, ""evilness-is-deprecated"" : ""Use severity-score"", ""reason"" : ""The craft's assessment of its sensors indicate a problem"", ""sensor-name"" : ""MAG"", ""series"" : [], ""severity-score"" : 10, ""status"" : ""FAIL"", ""times",developer_post
sudden_yaw,sudden yaw .bin,17560,https://discuss.ardupilot.org/t/autotune-rc5-concerning-observations/17560,1,https://discuss.ardupilot.org/t/autotune-rc5-concerning-observations/17560/1,https://dl.dropbox.com/s/5naunz10drq6lqg/ATUN.BIN?dl=0,https://dl.dropbox.com/s/5naunz10drq6lqg/ATUN.BIN?dl=1,log_0017_sudden_yaw.bin,downloaded,bin,88866365,,,,,
sudden_yaw,sudden yaw .bin,17560,https://discuss.ardupilot.org/t/autotune-rc5-concerning-observations/17560,2,https://discuss.ardupilot.org/t/autotune-rc5-concerning-observations/17560/2,https://discuss.ardupilot.org/uploads/default/original/2X/6/6b973633b3dda16f39ad0ce370d92fd9b0e7a376.bin,https://discuss.ardupilot.org/uploads/default/original/2X/6/6b973633b3dda16f39ad0ce370d92fd9b0e7a376.bin,log_0018_sudden_yaw.bin,downloaded,bin,3078004,,,,,
sudden_yaw,sudden yaw .bin,95543,https://discuss.ardupilot.org/t/tricopter-vtol-servos-cooking-vtol-roll-control-inverted/95543,4,https://discuss.ardupilot.org/t/tricopter-vtol-servos-cooking-vtol-roll-control-inverted/95543/4,https://discuss.ardupilot.org/uploads/short-url/nwJ7pCEheuQ1c6z6gpG34BpDhqx.zip,https://discuss.ardupilot.org/uploads/short-url/nwJ7pCEheuQ1c6z6gpG34BpDhqx.zip,log_0019_sudden_yaw.zip,downloaded,zip,875178,,,,,
sudden_yaw,sudden yaw .bin,16183,https://discuss.ardupilot.org/t/ekf-error-compass-variance-suddenly-until-i-land/16183,1,https://discuss.ardupilot.org/t/ekf-error-compass-variance-suddenly-until-i-land/16183/1,https://discuss.ardupilot.org/uploads/default/original/2X/d/d20ff09b5fd05f9703728f113099c1807016dabe.bin,https://discuss.ardupilot.org/uploads/default/original/2X/d/d20ff09b5fd05f9703728f113099c1807016dabe.bin,log_0020_sudden_yaw.bin,downloaded,bin,2721600,,,,,
sudden_yaw,sudden yaw .bin,9683,https://discuss.ardupilot.org/t/mode-change-causes-sudden-drop-in-altitude-solved/9683,6,https://discuss.ardupilot.org/t/mode-change-causes-sudden-drop-in-altitude-solved/9683/6,http://uavs.com.au/Arducopter/logs/log_1_2016-6-14-17-14-00.px4log.zip,http://uavs.com.au/Arducopter/logs/log_1_2016-6-14-17-14-00.px4log.zip,,download_failed,,0,HTTP Error 404: Not Found,,,,
sudden_yaw,sudden yaw .bin,107532,https://discuss.ardupilot.org/t/f35b-quadplane-test-frame-crash/107532,1,https://discuss.ardupilot.org/t/f35b-quadplane-test-frame-crash/107532/1,https://discuss.ardupilot.org/uploads/short-url/mqRen7jURFsbZmeZOUrVlGzBcwF.BIN,https://discuss.ardupilot.org/uploads/short-url/mqRen7jURFsbZmeZOUrVlGzBcwF.BIN,log_0021_sudden_yaw.bin,downloaded,bin,966656,,,,,
sudden_yaw,sudden yaw .bin,62595,https://discuss.ardupilot.org/t/loiter-mode-issue/62595,1,https://discuss.ardupilot.org/t/loiter-mode-issue/62595/1,https://www.dropbox.com/s/elausfdisrejo08/00000018.BIN?dl=0,https://www.dropbox.com/s/elausfdisrejo08/00000018.BIN?dl=1,,not_log_payload,html,191193,,,,,
sudden_yaw,sudden yaw .bin,62595,https://discuss.ardupilot.org/t/loiter-mode-issue/62595,10,https://discuss.ardupilot.org/t/loiter-mode-issue/62595/10,https://www.dropbox.com/s/eblfsfpfxnum0j4/log_0_2020-10-31-15-37-20.bin?dl=0,https://www.dropbox.com/s/eblfsfpfxnum0j4/log_0_2020-10-31-15-37-20.bin?dl=1,,not_log_payload,html,192727,,,,,
sudden_yaw,sudden yaw .bin,62595,https://discuss.ardupilot.org/t/loiter-mode-issue/62595,13,https://discuss.ardupilot.org/t/loiter-mode-issue/62595/13,https://www.dropbox.com/s/wrm6cyhu4p4dog3/log_7_2020-11-3-13-00-20.bin?dl=0,https://www.dropbox.com/s/wrm6cyhu4p4dog3/log_7_2020-11-3-13-00-20.bin?dl=1,,not_log_payload,html,192959,,,,,
sudden_yaw,sudden yaw .bin,62595,https://discuss.ardupilot.org/t/loiter-mode-issue/62595,14,https://discuss.ardupilot.org/t/loiter-mode-issue/62595/14,https://www.dropbox.com/s/3nhi9ylsomjmwi4/log_2_2020-11-6-09-19-16.bin?dl=0,https://www.dropbox.com/s/3nhi9ylsomjmwi4/log_2_2020-11-6-09-19-16.bin?dl=1,,not_log_payload,html,192621,,,,,
sudden_yaw,sudden yaw .bin,18298,https://discuss.ardupilot.org/t/pixhawk-1-octo-auto-takeoff-into-violent-pitch-roll-yaw-oscillations-and-bad-9k-crash/18298,1,https://discuss.ardupilot.org/t/pixhawk-1-octo-auto-takeoff-into-violent-pitch-roll-yaw-oscillations-and-bad-9k-crash/18298/1,https://discuss.ardupilot.org/uploads/default/original/2X/0/04f5b705b59941d4541d9fe57d4410e2dfe368c8.BIN,https://discuss.ardupilot.org/uploads/default/original/2X/0/04f5b705b59941d4541d9fe57d4410e2dfe368c8.BIN,log_0022_sudden_yaw.bin,downloaded,bin,672480,,,,,
sudden_yaw,sudden yaw .bin,64483,https://discuss.ardupilot.org/t/how-to-make-yaw-roll-and-pitch-smoother/64483,11,https://discuss.ardupilot.org/t/how-to-make-yaw-roll-and-pitch-smoother/64483/11,https://www.dropbox.com/s/8aqjkq21ravhrcx/00000012.BIN,https://www.dropbox.com/s/8aqjkq21ravhrcx/00000012.BIN,,not_log_payload,html,195960,,,,,
sudden_yaw,sudden yaw .bin,64483,https://discuss.ardupilot.org/t/how-to-make-yaw-roll-and-pitch-smoother/64483,15,https://discuss.ardupilot.org/t/how-to-make-yaw-roll-and-pitch-smoother/64483/15,https://www.dropbox.com/s/vbfj9poy4plergf/15-Dec-2020-Crash.BIN?dl=0,https://www.dropbox.com/s/vbfj9poy4plergf/15-Dec-2020-Crash.BIN?dl=1,log_0023_sudden_yaw.bin,downloaded,bin,5607424,,,,,
sudden_yaw,sudden yaw .bin,13560,https://discuss.ardupilot.org/t/pixhawk-flyaway-in-stabilized-mode-with-complete-loss-of-control/13560,1,https://discuss.ardupilot.org/t/pixhawk-flyaway-in-stabilized-mode-with-complete-loss-of-control/13560/1,https://discuss.ardupilot.org/uploads/default/original/2X/8/8d08c5e9574fec07fd69d75b99406483e876775f.zip,https://discuss.ardupilot.org/uploads/default/original/2X/8/8d08c5e9574fec07fd69d75b99406483e876775f.zip,log_0024_sudden_yaw.zip,downloaded,zip,4495851,,,,,
battery_failsafe,battery failsafe .bin,80068,https://discuss.ardupilot.org/t/prearm-battery-1low-voltage-failsafe/80068,3,https://discuss.ardupilot.org/t/prearm-battery-1low-voltage-failsafe/80068/3,https://discuss.ardupilot.org/uploads/short-url/ccIWGefSopmucrEFpWQWwCsNh9b.bin,https://discuss.ardupilot.org/uploads/short-url/ccIWGefSopmucrEFpWQWwCsNh9b.bin,log_0025_battery_failsafe.bin,downloaded,bin,310784,,,,,
battery_failsafe,battery failsafe .bin,80068,https://discuss.ardupilot.org/t/prearm-battery-1low-voltage-failsafe/80068,16,https://discuss.ardupilot.org/t/prearm-battery-1low-voltage-failsafe/80068/16,https://discuss.ardupilot.org/uploads/short-url/whzkNLi6gnnaKkfjD6OGDpjWREv.bin,https://discuss.ardupilot.org/uploads/short-url/whzkNLi6gnnaKkfjD6OGDpjWREv.bin,log_0026_battery_failsafe.bin,downloaded,bin,786432,,,,,
battery_failsafe,battery failsafe .bin,80068,https://discuss.ardupilot.org/t/prearm-battery-1low-voltage-failsafe/80068,16,https://discuss.ardupilot.org/t/prearm-battery-1low-voltage-failsafe/80068/16,https://discuss.ardupilot.org/uploads/short-url/jEe6LCLQJTsZ6VY0OZWwibpncjz.bin,https://discuss.ardupilot.org/uploads/short-url/jEe6LCLQJTsZ6VY0OZWwibpncjz.bin,log_0027_battery_failsafe.bin,downloaded,bin,892928,,,,,
battery_failsafe,battery failsafe .bin,11625,https://discuss.ardupilot.org/t/battery-failsafe-not-logged-in-dataflash/11625,1,https://discuss.ardupilot.org/t/battery-failsafe-not-logged-in-dataflash/11625/1,https://dl.dropboxusercontent.com/u/21063451/58.BIN,https://dl.dropboxusercontent.com/u/21063451/58.BIN,,download_failed,,0,HTTP Error 404: Not Found,,,,
battery_failsafe,battery failsafe .bin,6876,https://discuss.ardupilot.org/t/rtl-does-not-return-to-launch-nor-lands-but-kind-of-loiters/6876,1,https://discuss.ardupilot.org/t/rtl-does-not-return-to-launch-nor-lands-but-kind-of-loiters/6876/1,https://www.dropbox.com/s/b8ynng9qutleag7/15-10-11_11-07-04.bin?dl=0;,https://www.dropbox.com/s/b8ynng9qutleag7/15-10-11_11-07-04.bin?dl=1;,,download_failed,,0,HTTP Error 400: Bad Request,,,,
battery_failsafe,battery failsafe .bin,6876,https://discuss.ardupilot.org/t/rtl-does-not-return-to-launch-nor-lands-but-kind-of-loiters/6876,5,https://discuss.ardupilot.org/t/rtl-does-not-return-to-launch-nor-lands-but-kind-of-loiters/6876/5,https://www.dropbox.com/s/x12sp3a35entm59/15-10-18_09-38-44.bin?dl=0,https://www.dropbox.com/s/x12sp3a35entm59/15-10-18_09-38-44.bin?dl=1,,not_log_payload,html,98318,,,,,
battery_failsafe,battery failsafe .bin,6876,https://discuss.ardupilot.org/t/rtl-does-not-return-to-launch-nor-lands-but-kind-of-loiters/6876,5,https://discuss.ardupilot.org/t/rtl-does-not-return-to-launch-nor-lands-but-kind-of-loiters/6876/5,https://www.dropbox.com/s/hdbel2a797rqvfm/15-06-27_21-00-44.bin?dl=0,https://www.dropbox.com/s/hdbel2a797rqvfm/15-06-27_21-00-44.bin?dl=1,,not_log_payload,html,98300,,,,,
battery_failsafe,battery failsafe .bin,6876,https://discuss.ardupilot.org/t/rtl-does-not-return-to-launch-nor-lands-but-kind-of-loiters/6876,12,https://discuss.ardupilot.org/t/rtl-does-not-return-to-launch-nor-lands-but-kind-of-loiters/6876/12,https://discuss.ardupilot.org/uploads/default/original/2X/4/4f5f3c6890c8bbc195df1e3a47e3e48fd82f5626.bin,https://discuss.ardupilot.org/uploads/default/original/2X/4/4f5f3c6890c8bbc195df1e3a47e3e48fd82f5626.bin,log_0028_battery_failsafe.bin,downloaded,bin,3062925,,,,,
battery_failsafe,battery failsafe .bin,93719,https://discuss.ardupilot.org/t/pixhawk-clone-2-4-8-motors-not-running-in-the-same-speed/93719,1,https://discuss.ardupilot.org/t/pixhawk-clone-2-4-8-motors-not-running-in-the-same-speed/93719/1,https://discuss.ardupilot.org/uploads/short-url/7Dif4AJuMoDmXUhkloHl8MAlSW4.bin,https://discuss.ardupilot.org/uploads/short-url/7Dif4AJuMoDmXUhkloHl8MAlSW4.bin,log_0029_battery_failsafe.bin,downloaded,bin,139194,,rc_failsafe,xfacta,"First thing - upgrade to latest stable firmware before doing anything else, version 3.6.8 is very old now. Select the flight controller as Pixhawk1 Next thing - don’t rush into jumping down my list to ESC calibration and and trying to arm and fly again - work through all these things in order. Put ARMING_CHECK back to 1 Also set BATT_FS_CRT_ACT,1 BATT_FS_LOW_ACT,2 MOT_PWM_MIN,1000 MOT_PWM_MAX,2000 Check your radio fa",developer_post
battery_failsafe,battery failsafe .bin,25162,https://discuss.ardupilot.org/t/copter-3-5-5-rc1-available-for-beta-testing/25162,12,https://discuss.ardupilot.org/t/copter-3-5-5-rc1-available-for-beta-testing/25162/12,https://www.dropbox.com/s/6o48ttcpchowrwc/2018-01-28%2014-22-12.bin?dl=0,https://www.dropbox.com/s/6o48ttcpchowrwc/2018-01-28%2014-22-12.bin?dl=1,log_0030_battery_failsafe.bin,downloaded,bin,15912960,,rc_failsafe,rmackay9,"Keith, There was a transmitter/receiver/RC failsafe in the log. I suspect that was what caused the RTL… A the risk of being nitpicky… the GCS almost never sends flight mode change requests, certainly it’s not responsible for failsafes. In general the only time the GCSs request flight mode changes is when the user requests “Follow-me”, “Fly to Here” or specifically hits one of the set-mode buttons (i.e. on the MP’s ac",developer_post
battery_failsafe,battery failsafe .bin,33051,https://discuss.ardupilot.org/t/pixhawk-motor-balance-warn/33051,7,https://discuss.ardupilot.org/t/pixhawk-motor-balance-warn/33051/7,https://discuss.ardupilot.org/uploads/default/original/3X/5/3/53ab529832100fd7cd5fc23fe86ea39602ce70ff.zip,https://discuss.ardupilot.org/uploads/default/original/3X/5/3/53ab529832100fd7cd5fc23fe86ea39602ce70ff.zip,log_0031_battery_failsafe.zip,downloaded,zip,152187,,,,,
battery_failsafe,battery failsafe .bin,126358,https://discuss.ardupilot.org/t/plane-4-6-0-beta/126358,17,https://discuss.ardupilot.org/t/plane-4-6-0-beta/126358/17,https://www.dropbox.com/scl/fi/9ikbhangislfne8n8da8v/log_92_2024-12-23-15-48-40.bin?rlkey=b9z55hrntjzwv56pehiq3k1wr&amp;dl=0,https://www.dropbox.com/scl/fi/9ikbhangislfne8n8da8v/log_92_2024-12-23-15-48-40.bin?rlkey=b9z55hrntjzwv56pehiq3k1wr&amp;dl=1,,download_failed,,0,HTTP Error 400: Bad Request,rc_failsafe,tridge,"Cobra1_display 1920×846 148 KB We have just released plane 4.6.0-beta1. This is a major release with a lot of changes. Please look through the list of changes below for details. There should be no need to backup and restore parameters as part of installing the release onto the flight controller. If issues appear, please report them but also feel free to downgrade back to the stable version (4.5.7). Happy flying! Boar",developer_post
battery_failsafe,battery failsafe .bin,126358,https://discuss.ardupilot.org/t/plane-4-6-0-beta/126358,17,https://discuss.ardupilot.org/t/plane-4-6-0-beta/126358/17,https://www.dropbox.com/scl/fi/n7dx9t8uis73c3kp2l9i6/log_93_2024-12-23-16-10-26.bin?rlkey=2511aiodwaxf4k0i2fadm49oq&amp;dl=0,https://www.dropbox.com/scl/fi/n7dx9t8uis73c3kp2l9i6/log_93_2024-12-23-16-10-26.bin?rlkey=2511aiodwaxf4k0i2fadm49oq&amp;dl=1,,download_failed,,0,HTTP Error 400: Bad Request,rc_failsafe,tridge,"Cobra1_display 1920×846 148 KB We have just released plane 4.6.0-beta1. This is a major release with a lot of changes. Please look through the list of changes below for details. There should be no need to backup and restore parameters as part of installing the release onto the flight controller. If issues appear, please report them but also feel free to downgrade back to the stable version (4.5.7). Happy flying! Boar",developer_post
battery_failsafe,battery failsafe .bin,126358,https://discuss.ardupilot.org/t/plane-4-6-0-beta/126358,19,https://discuss.ardupilot.org/t/plane-4-6-0-beta/126358/19,https://www.dropbox.com/scl/fi/8zqxnnsgblwiwbfmn80xf/00000095.BIN?rlkey=8zhar6a93p9f27ozuo9z23rfc&amp;dl=0,https://www.dropbox.com/scl/fi/8zqxnnsgblwiwbfmn80xf/00000095.BIN?rlkey=8zhar6a93p9f27ozuo9z23rfc&amp;dl=1,,download_failed,,0,HTTP Error 400: Bad Request,rc_failsafe,tridge,"Cobra1_display 1920×846 148 KB We have just released plane 4.6.0-beta1. This is a major release with a lot of changes. Please look through the list of changes below for details. There should be no need to backup and restore parameters as part of installing the release onto the flight controller. If issues appear, please report them but also feel free to downgrade back to the stable version (4.5.7). Happy flying! Boar",developer_post
battery_failsafe,battery failsafe .bin,126358,https://discuss.ardupilot.org/t/plane-4-6-0-beta/126358,19,https://discuss.ardupilot.org/t/plane-4-6-0-beta/126358/19,https://www.dropbox.com/scl/fi/2yaewq1q8d51tgievp1qw/00000096.BIN?rlkey=xqfzl852ztevc047fobsh1u2o&amp;dl=0,https://www.dropbox.com/scl/fi/2yaewq1q8d51tgievp1qw/00000096.BIN?rlkey=xqfzl852ztevc047fobsh1u2o&amp;dl=1,,download_failed,,0,HTTP Error 400: Bad Request,rc_failsafe,tridge,"Cobra1_display 1920×846 148 KB We have just released plane 4.6.0-beta1. This is a major release with a lot of changes. Please look through the list of changes below for details. There should be no need to backup and restore parameters as part of installing the release onto the flight controller. If issues appear, please report them but also feel free to downgrade back to the stable version (4.5.7). Happy flying! Boar",developer_post
battery_failsafe,battery failsafe .bin,7706,https://discuss.ardupilot.org/t/crash-on-auto-mode-unexplained/7706,3,https://discuss.ardupilot.org/t/crash-on-auto-mode-unexplained/7706/3,https://www.dropbox.com/s/ju9vzuf5xxshkpc/36.BIN?dl=0,https://www.dropbox.com/s/ju9vzuf5xxshkpc/36.BIN?dl=1,,not_log_payload,html,190668,,,,,
hardware_failure,hardware failure .bin,20048,https://discuss.ardupilot.org/t/vcc-low-and-fluctuating/20048,1,https://discuss.ardupilot.org/t/vcc-low-and-fluctuating/20048/1,https://www.dropbox.com/s/9846cnql8fh68n7/00000081.BIN?dl=0,https://www.dropbox.com/s/9846cnql8fh68n7/00000081.BIN?dl=1,,not_log_payload,html,97738,,,,,
hardware_failure,hardware failure .bin,81784,https://discuss.ardupilot.org/t/imu-heater-possible-problem-of-imu-failure/81784,1,https://discuss.ardupilot.org/t/imu-heater-possible-problem-of-imu-failure/81784/1,https://www.dropbox.com/s/e6ez2e4vu51jx5z/2022-02-10%2014-53-55%20-%20first.bin?dl=0,https://www.dropbox.com/s/e6ez2e4vu51jx5z/2022-02-10%2014-53-55%20-%20first.bin?dl=1,,not_log_payload,html,99216,,,,,
hardware_failure,hardware failure .bin,81784,https://discuss.ardupilot.org/t/imu-heater-possible-problem-of-imu-failure/81784,1,https://discuss.ardupilot.org/t/imu-heater-possible-problem-of-imu-failure/81784/1,https://www.dropbox.com/s/9dqqkd9jxwgz27s/2022-02-10%2015-11-43%20-%20third.bin?dl=0,https://www.dropbox.com/s/9dqqkd9jxwgz27s/2022-02-10%2015-11-43%20-%20third.bin?dl=1,,not_log_payload,html,99234,,,,,
hardware_failure,hardware failure .bin,80437,https://discuss.ardupilot.org/t/failure-to-launch/80437,1,https://discuss.ardupilot.org/t/failure-to-launch/80437/1,https://www.dropbox.com/s/b4ebs8bgc4wfthx/2021-12-31.BIN?dl=0,https://www.dropbox.com/s/b4ebs8bgc4wfthx/2021-12-31.BIN?dl=1,log_0032_hardware_failure.bin,downloaded,bin,51604795,,mechanical_failure,timtuxworth,"I’ve recently experienced some odd takeoff behaviour with my Bixinator. I have everything setup for auto launch in my Mission, I arm the plane and throw it and some random (apparently) percentage of the time the motor doesn’t fire and it just glides to the ground. If I reset the mission and try again, it sometimes works. Or sometimes it works the first time. I haven’t been able to figure out what I’m doing wrong. Thi",developer_post
hardware_failure,hardware failure .bin,80437,https://discuss.ardupilot.org/t/failure-to-launch/80437,3,https://discuss.ardupilot.org/t/failure-to-launch/80437/3,https://www.dropbox.com/s/cykrncm13hgnhtq/2021-12-23-1.BIN?dl=0,https://www.dropbox.com/s/cykrncm13hgnhtq/2021-12-23-1.BIN?dl=1,log_0033_hardware_failure.bin,downloaded,bin,21426176,,mechanical_failure,timtuxworth,"I’ve recently experienced some odd takeoff behaviour with my Bixinator. I have everything setup for auto launch in my Mission, I arm the plane and throw it and some random (apparently) percentage of the time the motor doesn’t fire and it just glides to the ground. If I reset the mission and try again, it sometimes works. Or sometimes it works the first time. I haven’t been able to figure out what I’m doing wrong. Thi",developer_post
hardware_failure,hardware failure .bin,140189,https://discuss.ardupilot.org/t/prearm-crashdump-data-detected-arduplane-4-6-2/140189,1,https://discuss.ardupilot.org/t/prearm-crashdump-data-detected-arduplane-4-6-2/140189/1,https://discuss.ardupilot.org/uploads/short-url/6VQ6aQPXEJBv8oMCx0t4n6QIwZt.bin,https://discuss.ardupilot.org/uploads/short-url/6VQ6aQPXEJBv8oMCx0t4n6QIwZt.bin,log_0034_hardware_failure.bin,downloaded,bin,15988,,,,,
hardware_failure,hardware failure .bin,140189,https://discuss.ardupilot.org/t/prearm-crashdump-data-detected-arduplane-4-6-2/140189,10,https://discuss.ardupilot.org/t/prearm-crashdump-data-detected-arduplane-4-6-2/140189/10,https://discuss.ardupilot.org/uploads/short-url/fi92jRjELjQExhvFdhEuxwCO8Zw.zip,https://discuss.ardupilot.org/uploads/short-url/fi92jRjELjQExhvFdhEuxwCO8Zw.zip,log_0035_hardware_failure.zip,downloaded,zip,123438,,,,,
mechanical_failure,mechanical failure .bin,13645,https://discuss.ardupilot.org/t/copter-3-4-4-rc1-available-for-beta-testing/13645,7,https://discuss.ardupilot.org/t/copter-3-4-4-rc1-available-for-beta-testing/13645/7,https://discuss.ardupilot.org/uploads/default/original/2X/4/4410a788d8c043cf704a45ee850a6a0071d9909a.BIN,https://discuss.ardupilot.org/uploads/default/original/2X/4/4410a788d8c043cf704a45ee850a6a0071d9909a.BIN,log_0036_mechanical_failure.bin,downloaded,bin,1751678,,,,,
mechanical_failure,mechanical failure .bin,72447,https://discuss.ardupilot.org/t/hexacopter-redundancy/72447,8,https://discuss.ardupilot.org/t/hexacopter-redundancy/72447/8,https://www.dropbox.com/s/vf00f1dkj495oar/log_27_2021-5-1-15-46-46.bin?dl=0,https://www.dropbox.com/s/vf00f1dkj495oar/log_27_2021-5-1-15-46-46.bin?dl=1,log_0037_mechanical_failure.bin,downloaded,bin,6513226,,,,,
mechanical_failure,mechanical failure .bin,18093,https://discuss.ardupilot.org/t/esc-failure-or-signal-lost-thank-s-for-help/18093,1,https://discuss.ardupilot.org/t/esc-failure-or-signal-lost-thank-s-for-help/18093/1,https://discuss.ardupilot.org/uploads/default/original/2X/d/d69429de5eed1d724bd8643db7173e07453ee55c.BIN,https://discuss.ardupilot.org/uploads/default/original/2X/d/d69429de5eed1d724bd8643db7173e07453ee55c.BIN,log_0038_mechanical_failure.bin,downloaded,bin,364323,,,,,
mechanical_failure,mechanical failure .bin,18093,https://discuss.ardupilot.org/t/esc-failure-or-signal-lost-thank-s-for-help/18093,4,https://discuss.ardupilot.org/t/esc-failure-or-signal-lost-thank-s-for-help/18093/4,https://discuss.ardupilot.org/uploads/default/original/2X/0/03b63344fa64dee0ec39072ca06b47f34203c23b.BIN,https://discuss.ardupilot.org/uploads/default/original/2X/0/03b63344fa64dee0ec39072ca06b47f34203c23b.BIN,log_0039_mechanical_failure.bin,downloaded,bin,1124580,,,,,
mechanical_failure,mechanical failure .bin,77323,https://discuss.ardupilot.org/t/engine-failure-bug-mechanical-or-other/77323,1,https://discuss.ardupilot.org/t/engine-failure-bug-mechanical-or-other/77323/1,https://www.dropbox.com/s/wllzkuniarpydez/00000035.bin?dl=0,https://www.dropbox.com/s/wllzkuniarpydez/00000035.bin?dl=1,log_0040_mechanical_failure.bin,downloaded,bin,6467478,,,,,
mechanical_failure,mechanical failure .bin,82662,https://discuss.ardupilot.org/t/crash-after-successful-auto-take-off-attitude-heading-misalignment/82662,1,https://discuss.ardupilot.org/t/crash-after-successful-auto-take-off-attitude-heading-misalignment/82662/1,https://lagoni.org/modelflyvning/00000007.BIN,https://lagoni.org/modelflyvning/00000007.BIN,,download_failed,,0,<urlopen error [Errno 113] No route to host>,,,,
mechanical_failure,mechanical failure .bin,39722,https://discuss.ardupilot.org/t/3-6-7-installed-and-tested-drone-crashed-firmware-issue-or-battery-or-something-else-unable-to-find-out/39722,1,https://discuss.ardupilot.org/t/3-6-7-installed-and-tested-drone-crashed-firmware-issue-or-battery-or-something-else-unable-to-find-out/39722/1,https://discuss.ardupilot.org/uploads/default/original/3X/4/2/42f32ae9f1ce3c0c09b8fb9102d210f581f4618d.bin,https://discuss.ardupilot.org/uploads/default/original/3X/4/2/42f32ae9f1ce3c0c09b8fb9102d210f581f4618d.bin,log_0041_mechanical_failure.bin,downloaded,bin,958464,,,,,
mechanical_failure,mechanical failure .bin,101680,https://discuss.ardupilot.org/t/fixed-wing-dead-reckoning-test-of-the-zealot-h743-aero-applications-edition/101680,1,https://discuss.ardupilot.org/t/fixed-wing-dead-reckoning-test-of-the-zealot-h743-aero-applications-edition/101680/1,https://www.dropbox.com/s/jj3j5zdgpeqh5v0/log_56_UnknownDate.bin?dl=0,https://www.dropbox.com/s/jj3j5zdgpeqh5v0/log_56_UnknownDate.bin?dl=1,log_0042_mechanical_failure.bin,downloaded,bin,49229824,,mechanical_failure,timtuxworth,"I plan to test dead reckoning using intertial navigation on the Qio-Tek Zealot H743 “Aero Applications Edition” which has an IIM-42652, ICM-42688P and an ADIS–16470 IMU. Also: Barometers: DPS3018 *2 Compass: QMC5883L I’ll also install an ASP-5033 Airspeed sensor (using DroneCAN of course). I know I can “disable” GPS in software, but call me cynical, I want to be 100% sure that while flying with no GPS, there is no ch",developer_post
mechanical_failure,mechanical failure .bin,101680,https://discuss.ardupilot.org/t/fixed-wing-dead-reckoning-test-of-the-zealot-h743-aero-applications-edition/101680,1,https://discuss.ardupilot.org/t/fixed-wing-dead-reckoning-test-of-the-zealot-h743-aero-applications-edition/101680/1,https://www.dropbox.com/s/zfv5a8i0rx6ce3w/log_57_UnknownDate.bin?dl=0,https://www.dropbox.com/s/zfv5a8i0rx6ce3w/log_57_UnknownDate.bin?dl=1,log_0043_mechanical_failure.bin,downloaded,bin,44539904,,mechanical_failure,timtuxworth,"I plan to test dead reckoning using intertial navigation on the Qio-Tek Zealot H743 “Aero Applications Edition” which has an IIM-42652, ICM-42688P and an ADIS–16470 IMU. Also: Barometers: DPS3018 *2 Compass: QMC5883L I’ll also install an ASP-5033 Airspeed sensor (using DroneCAN of course). I know I can “disable” GPS in software, but call me cynical, I want to be 100% sure that while flying with no GPS, there is no ch",developer_post
mechanical_failure,mechanical failure .bin,101680,https://discuss.ardupilot.org/t/fixed-wing-dead-reckoning-test-of-the-zealot-h743-aero-applications-edition/101680,1,https://discuss.ardupilot.org/t/fixed-wing-dead-reckoning-test-of-the-zealot-h743-aero-applications-edition/101680/1,https://www.dropbox.com/s/k3wwb456zmd4454/log_69_UnknownDate.bin?dl=0,https://www.dropbox.com/s/k3wwb456zmd4454/log_69_UnknownDate.bin?dl=1,log_0044_mechanical_failure.bin,downloaded,bin,9555968,,mechanical_failure,timtuxworth,"I plan to test dead reckoning using intertial navigation on the Qio-Tek Zealot H743 “Aero Applications Edition” which has an IIM-42652, ICM-42688P and an ADIS–16470 IMU. Also: Barometers: DPS3018 *2 Compass: QMC5883L I’ll also install an ASP-5033 Airspeed sensor (using DroneCAN of course). I know I can “disable” GPS in software, but call me cynical, I want to be 100% sure that while flying with no GPS, there is no ch",developer_post
mechanical_failure,mechanical failure .bin,101680,https://discuss.ardupilot.org/t/fixed-wing-dead-reckoning-test-of-the-zealot-h743-aero-applications-edition/101680,1,https://discuss.ardupilot.org/t/fixed-wing-dead-reckoning-test-of-the-zealot-h743-aero-applications-edition/101680/1,https://www.dropbox.com/s/0wye5b2luz6uxys/log_70_UnknownDate.bin?dl=0,https://www.dropbox.com/s/0wye5b2luz6uxys/log_70_UnknownDate.bin?dl=1,log_0045_mechanical_failure.bin,downloaded,bin,34263040,,mechanical_failure,timtuxworth,"I plan to test dead reckoning using intertial navigation on the Qio-Tek Zealot H743 “Aero Applications Edition” which has an IIM-42652, ICM-42688P and an ADIS–16470 IMU. Also: Barometers: DPS3018 *2 Compass: QMC5883L I’ll also install an ASP-5033 Airspeed sensor (using DroneCAN of course). I know I can “disable” GPS in software, but call me cynical, I want to be 100% sure that while flying with no GPS, there is no ch",developer_post
thrust_loss,thrust loss .bin,129799,https://discuss.ardupilot.org/t/ekf-primary-1-and-thrust-loss-1-error/129799,10,https://discuss.ardupilot.org/t/ekf-primary-1-and-thrust-loss-1-error/129799/10,https://www.dropbox.com/scl/fi/f7rjdhf11n3oux2jbebfo/2025-02-18-09-37-49.bin?rlkey=9ezqs7ypizci95wmxpkgjnbhs&amp;st=ksie7h0k&amp;dl=0,https://www.dropbox.com/scl/fi/f7rjdhf11n3oux2jbebfo/2025-02-18-09-37-49.bin?rlkey=9ezqs7ypizci95wmxpkgjnbhs&amp;st=ksie7h0k&amp;dl=1,,download_failed,,0,HTTP Error 400: Bad Request,,,,
thrust_loss,thrust loss .bin,106769,https://discuss.ardupilot.org/t/intermittent-thrust-loss-motor-stops-midflight/106769,3,https://discuss.ardupilot.org/t/intermittent-thrust-loss-motor-stops-midflight/106769/3,https://www.mediafire.com/file/9bsy7718gwoljyd/log_0_UnknownDate.bin/file,https://www.mediafire.com/file/9bsy7718gwoljyd/log_0_UnknownDate.bin/file,,download_failed,,0,HTTP Error 404: Not Found,,,,
thrust_loss,thrust loss .bin,106769,https://discuss.ardupilot.org/t/intermittent-thrust-loss-motor-stops-midflight/106769,4,https://discuss.ardupilot.org/t/intermittent-thrust-loss-motor-stops-midflight/106769/4,https://www.mediafire.com/file/xvr4ywduo906ach/log_1_UnknownDate.bin/file,https://www.mediafire.com/file/xvr4ywduo906ach/log_1_UnknownDate.bin/file,,download_failed,,0,HTTP Error 404: Not Found,,,,
thrust_loss,thrust loss .bin,106769,https://discuss.ardupilot.org/t/intermittent-thrust-loss-motor-stops-midflight/106769,7,https://discuss.ardupilot.org/t/intermittent-thrust-loss-motor-stops-midflight/106769/7,https://www.mediafire.com/file/gceyxz03aamqmuf/log_3_UnknownDate.bin/file,https://www.mediafire.com/file/gceyxz03aamqmuf/log_3_UnknownDate.bin/file,,download_failed,,0,HTTP Error 404: Not Found,,,,
thrust_loss,thrust loss .bin,60268,https://discuss.ardupilot.org/t/potential-thrust-loss-with-cube-orange/60268,1,https://discuss.ardupilot.org/t/potential-thrust-loss-with-cube-orange/60268/1,http://www.sonotonia.com/binfiles/2020-08-10%2020-14-59.bin,http://www.sonotonia.com/binfiles/2020-08-10%2020-14-59.bin,,download_failed,,0,HTTP Error 404: Not Found,,,,
thrust_loss,thrust loss .bin,60268,https://discuss.ardupilot.org/t/potential-thrust-loss-with-cube-orange/60268,9,https://discuss.ardupilot.org/t/potential-thrust-loss-with-cube-orange/60268/9,http://www.sonotonia.com/binfiles/octoxbinfiles.zip,http://www.sonotonia.com/binfiles/octoxbinfiles.zip,,download_failed,,0,HTTP Error 404: Not Found,,,,
thrust_loss,thrust loss .bin,75943,https://discuss.ardupilot.org/t/thrust-loss-hatasi/75943,3,https://discuss.ardupilot.org/t/thrust-loss-hatasi/75943/3,https://dosya.co/22xvo5jq6asn/00000140.BIN.html,https://dosya.co/22xvo5jq6asn/00000140.BIN.html,,not_log_payload,html,5299,,,,,
thrust_loss,thrust loss .bin,75943,https://discuss.ardupilot.org/t/thrust-loss-hatasi/75943,7,https://discuss.ardupilot.org/t/thrust-loss-hatasi/75943/7,https://dosya.co/zxzkv1hi5cra/00000150.BIN.html,https://dosya.co/zxzkv1hi5cra/00000150.BIN.html,,not_log_payload,html,5299,,,,,
thrust_loss,thrust loss .bin,96037,https://discuss.ardupilot.org/t/potential-thrust-loss-analysis/96037,1,https://discuss.ardupilot.org/t/potential-thrust-loss-analysis/96037/1,https://www.dropbox.com/s/y2zdbc27lp6mjcq/Alexander%20Park%20-%20RTK%20-%20400ft%20-%202023-01-27%2012-58-20.bin?dl=0,https://www.dropbox.com/s/y2zdbc27lp6mjcq/Alexander%20Park%20-%20RTK%20-%20400ft%20-%202023-01-27%2012-58-20.bin?dl=1,,not_log_payload,html,194857,,,,,
thrust_loss,thrust loss .bin,102297,https://discuss.ardupilot.org/t/f450-crash-please-help/102297,1,https://discuss.ardupilot.org/t/f450-crash-please-help/102297/1,https://www.mediafire.com/file/tl0q4nvonq901dz/2023-06-11_18-01-14.bin/file,https://www.mediafire.com/file/tl0q4nvonq901dz/2023-06-11_18-01-14.bin/file,,download_failed,,0,HTTP Error 404: Not Found,,,,
thrust_loss,thrust loss .bin,134011,https://discuss.ardupilot.org/t/mid-flight-crash/134011,1,https://discuss.ardupilot.org/t/mid-flight-crash/134011/1,https://www.dropbox.com/scl/fi/mdh10ar7h1h3v98b00h1h/00000157.BIN?rlkey=hkudiffql4crsglkufemtmssu&amp;st=t4pb9ja0&amp;dl=0,https://www.dropbox.com/scl/fi/mdh10ar7h1h3v98b00h1h/00000157.BIN?rlkey=hkudiffql4crsglkufemtmssu&amp;st=t4pb9ja0&amp;dl=1,,download_failed,,0,HTTP Error 400: Bad Request,,,,
thrust_loss,thrust loss .bin,9348,https://discuss.ardupilot.org/t/im-new-unable-to-take-off-on-stabilize-or-lotier/9348,1,https://discuss.ardupilot.org/t/im-new-unable-to-take-off-on-stabilize-or-lotier/9348/1,https://www.dropbox.com/s/z57c5ddb69oiwoj/4%205-29-2016%207-41-20%20PM.bin?dl=0,https://www.dropbox.com/s/z57c5ddb69oiwoj/4%205-29-2016%207-41-20%20PM.bin?dl=1,log_0046_thrust_loss.bin,downloaded,bin,3188569,,,,,
thrust_loss,thrust loss .bin,88119,https://discuss.ardupilot.org/t/sudden-altitude-drop-in-guided-mode/88119,1,https://discuss.ardupilot.org/t/sudden-altitude-drop-in-guided-mode/88119/1,https://www.dropbox.com/s/alwvvdr559tj087/2022-07-04%2016-10-12.bin?dl=0,https://www.dropbox.com/s/alwvvdr559tj087/2022-07-04%2016-10-12.bin?dl=1,,not_log_payload,html,192181,,,,,
thrust_loss,thrust loss .bin,103546,https://discuss.ardupilot.org/t/hexacopter-twitching-unstable-help-with-logs/103546,5,https://discuss.ardupilot.org/t/hexacopter-twitching-unstable-help-with-logs/103546/5,https://www.dropbox.com/s/v4syzf059oosidz/2023-07-14%2019-38-59.bin?dl=0,https://www.dropbox.com/s/v4syzf059oosidz/2023-07-14%2019-38-59.bin?dl=1,,not_log_payload,html,98536,,,,,
thrust_loss,thrust loss .bin,115319,https://discuss.ardupilot.org/t/motors-maxing-out-when-flight/115319,14,https://discuss.ardupilot.org/t/motors-maxing-out-when-flight/115319/14,https://discuss.ardupilot.org/uploads/short-url/kydAHmcjuJbVflTWP1qYXsmLNqL.BIN,https://discuss.ardupilot.org/uploads/short-url/kydAHmcjuJbVflTWP1qYXsmLNqL.BIN,log_0047_thrust_loss.bin,downloaded,bin,534601,,,,,
oscillation_crash,oscillation crash .bin,93512,https://discuss.ardupilot.org/t/oscillation-in-roll-and-pitch-resulting-in-crash/93512,1,https://discuss.ardupilot.org/t/oscillation-in-roll-and-pitch-resulting-in-crash/93512/1,https://www.dropbox.com/s/n9z1j2w90xncrf7/00000082.BIN?dl=0,https://www.dropbox.com/s/n9z1j2w90xncrf7/00000082.BIN?dl=1,log_0048_oscillation_crash.bin,downloaded,bin,32065861,,,,,
oscillation_crash,oscillation crash .bin,99897,https://discuss.ardupilot.org/t/quadcopter-crash-log-analysis-request/99897,1,https://discuss.ardupilot.org/t/quadcopter-crash-log-analysis-request/99897/1,https://discuss.ardupilot.org/uploads/short-url/a0lX05vZi6e2DuMEbvII2z7DIU9.BIN,https://discuss.ardupilot.org/uploads/short-url/a0lX05vZi6e2DuMEbvII2z7DIU9.BIN,log_0049_oscillation_crash.bin,downloaded,bin,495616,,,,,
oscillation_crash,oscillation crash .bin,99897,https://discuss.ardupilot.org/t/quadcopter-crash-log-analysis-request/99897,4,https://discuss.ardupilot.org/t/quadcopter-crash-log-analysis-request/99897/4,https://discuss.ardupilot.org/uploads/short-url/uDShwPTvBHO5pUYpWxTeMEMCVp5.BIN,https://discuss.ardupilot.org/uploads/short-url/uDShwPTvBHO5pUYpWxTeMEMCVp5.BIN,log_0050_oscillation_crash.bin,downloaded,bin,868352,,,,,
oscillation_crash,oscillation crash .bin,99897,https://discuss.ardupilot.org/t/quadcopter-crash-log-analysis-request/99897,7,https://discuss.ardupilot.org/t/quadcopter-crash-log-analysis-request/99897/7,https://discuss.ardupilot.org/uploads/short-url/yO5FfjO9MrQMNFiuPvyN1kZbKwU.zip,https://discuss.ardupilot.org/uploads/short-url/yO5FfjO9MrQMNFiuPvyN1kZbKwU.zip,log_0051_oscillation_crash.zip,downloaded,zip,984753,,,,,
oscillation_crash,oscillation crash .bin,100608,https://discuss.ardupilot.org/t/tuning-issues-with-plane-successful-auto-t-o-and-land-maiden-now-not-so-much/100608,2,https://discuss.ardupilot.org/t/tuning-issues-with-plane-successful-auto-t-o-and-land-maiden-now-not-so-much/100608/2,https://www.dropbox.com/s/zbji6cslc9kwrip/2023-05-04%2007-51-33.bin?dl=0,https://www.dropbox.com/s/zbji6cslc9kwrip/2023-05-04%2007-51-33.bin?dl=1,log_0052_oscillation_crash.bin,downloaded,bin,28160553,,,,,
oscillation_crash,oscillation crash .bin,100608,https://discuss.ardupilot.org/t/tuning-issues-with-plane-successful-auto-t-o-and-land-maiden-now-not-so-much/100608,3,https://discuss.ardupilot.org/t/tuning-issues-with-plane-successful-auto-t-o-and-land-maiden-now-not-so-much/100608/3,https://www.dropbox.com/s/ecm1bkp071v2r1b/2023-05-06%20Sortie%202.bin?dl=0,https://www.dropbox.com/s/ecm1bkp071v2r1b/2023-05-06%20Sortie%202.bin?dl=1,log_0053_oscillation_crash.bin,downloaded,bin,22588536,,,,,
oscillation_crash,oscillation crash .bin,100608,https://discuss.ardupilot.org/t/tuning-issues-with-plane-successful-auto-t-o-and-land-maiden-now-not-so-much/100608,3,https://discuss.ardupilot.org/t/tuning-issues-with-plane-successful-auto-t-o-and-land-maiden-now-not-so-much/100608/3,https://www.dropbox.com/s/mlu04lxc5bmp9fu/2023-05-06%20Sortie%203.bin?dl=0,https://www.dropbox.com/s/mlu04lxc5bmp9fu/2023-05-06%20Sortie%203.bin?dl=1,log_0054_oscillation_crash.bin,downloaded,bin,14000201,,,,,
oscillation_crash,oscillation crash .bin,100608,https://discuss.ardupilot.org/t/tuning-issues-with-plane-successful-auto-t-o-and-land-maiden-now-not-so-much/100608,4,https://discuss.ardupilot.org/t/tuning-issues-with-plane-successful-auto-t-o-and-land-maiden-now-not-so-much/100608/4,https://www.dropbox.com/s/rzg3oqs3gjo8pyg/2023-05-07%2009-43-52.bin?dl=0,https://www.dropbox.com/s/rzg3oqs3gjo8pyg/2023-05-07%2009-43-52.bin?dl=1,log_0055_oscillation_crash.bin,downloaded,bin,6864896,,,,,
oscillation_crash,oscillation crash .bin,103732,https://discuss.ardupilot.org/t/crash-when-switching-from-rtl-to-loiter/103732,1,https://discuss.ardupilot.org/t/crash-when-switching-from-rtl-to-loiter/103732/1,https://www.dropbox.com/s/uxdm6xycvbdawi1/00000020.BIN?dl=0,https://www.dropbox.com/s/uxdm6xycvbdawi1/00000020.BIN?dl=1,log_0056_oscillation_crash.bin,downloaded,bin,27369390,,,,,
oscillation_crash,oscillation crash .bin,103732,https://discuss.ardupilot.org/t/crash-when-switching-from-rtl-to-loiter/103732,13,https://discuss.ardupilot.org/t/crash-when-switching-from-rtl-to-loiter/103732/13,https://www.dropbox.com/s/tg41eud2m9fwon5/00000022.BIN?dl=0,https://www.dropbox.com/s/tg41eud2m9fwon5/00000022.BIN?dl=1,log_0057_oscillation_crash.bin,downloaded,bin,3294211,,,,,
flyaway,flyaway .bin,17438,https://discuss.ardupilot.org/t/multiple-flyaways-in-guided-do-i-need-to-tune-the-ekf/17438,1,https://discuss.ardupilot.org/t/multiple-flyaways-in-guided-do-i-need-to-tune-the-ekf/17438/1,https://discuss.ardupilot.org/uploads/default/original/2X/5/5c5e9d4eb701803e566ba8cff6bba56fa5349499.bin,https://discuss.ardupilot.org/uploads/default/original/2X/5/5c5e9d4eb701803e566ba8cff6bba56fa5349499.bin,log_0058_flyaway.bin,downloaded,bin,1957888,,,,,
flyaway,flyaway .bin,46289,https://discuss.ardupilot.org/t/something-is-wrong-with-my-copter-build/46289,1,https://discuss.ardupilot.org/t/something-is-wrong-with-my-copter-build/46289/1,https://discuss.ardupilot.org/uploads/default/original/3X/4/4/44c19152db50fffa82ba24cd744884ae0fa7cc78.BIN,https://discuss.ardupilot.org/uploads/default/original/3X/4/4/44c19152db50fffa82ba24cd744884ae0fa7cc78.BIN,log_0059_flyaway.bin,downloaded,bin,489031,,,,,
flyaway,flyaway .bin,46289,https://discuss.ardupilot.org/t/something-is-wrong-with-my-copter-build/46289,14,https://discuss.ardupilot.org/t/something-is-wrong-with-my-copter-build/46289/14,https://discuss.ardupilot.org/uploads/default/original/3X/c/1/c1c307f08b658727f8f74151d1f141be0ee663e4.BIN,https://discuss.ardupilot.org/uploads/default/original/3X/c/1/c1c307f08b658727f8f74151d1f141be0ee663e4.BIN,log_0060_flyaway.bin,downloaded,bin,444767,,,,,
flyaway,flyaway .bin,65770,https://discuss.ardupilot.org/t/flyaway-only-averted-by-manual-intervention-4-0-5-ekf-position-drastically-diverged-from-gps-position/65770,1,https://discuss.ardupilot.org/t/flyaway-only-averted-by-manual-intervention-4-0-5-ekf-position-drastically-diverged-from-gps-position/65770/1,https://www.mediafire.com/file/5bru703wm6hcpn9/00000019-anon8.zip/file,https://www.mediafire.com/file/5bru703wm6hcpn9/00000019-anon8.zip/file,,download_failed,,0,HTTP Error 404: Not Found,,,,
flyaway,flyaway .bin,2497,https://discuss.ardupilot.org/t/rtl-freakout-failure-and-crash-aka-flyaway/2497,14,https://discuss.ardupilot.org/t/rtl-freakout-failure-and-crash-aka-flyaway/2497/14,https://dl.dropboxusercontent.com/u/50675/pixhawk_flyaway/pixhawk_failsafe_flyaway.BIN,https://dl.dropboxusercontent.com/u/50675/pixhawk_flyaway/pixhawk_failsafe_flyaway.BIN,,download_failed,,0,HTTP Error 404: Not Found,,,,
flyaway,flyaway .bin,4243,https://discuss.ardupilot.org/t/pixhawk-flyaway-multiple-times-in-a-row/4243,5,https://discuss.ardupilot.org/t/pixhawk-flyaway-multiple-times-in-a-row/4243/5,https://dl.dropboxusercontent.com/u/8958382/2014-12-09%2008-12-59.bin,https://dl.dropboxusercontent.com/u/8958382/2014-12-09%2008-12-59.bin,,download_failed,,0,HTTP Error 404: Not Found,,,,
flyaway,flyaway .bin,4243,https://discuss.ardupilot.org/t/pixhawk-flyaway-multiple-times-in-a-row/4243,5,https://discuss.ardupilot.org/t/pixhawk-flyaway-multiple-times-in-a-row/4243/5,https://dl.dropboxusercontent.com/u/8958382/2014-12-09%2008-27-56.bin,https://dl.dropboxusercontent.com/u/8958382/2014-12-09%2008-27-56.bin,,download_failed,,0,HTTP Error 404: Not Found,,,,
flyaway,flyaway .bin,17663,https://discuss.ardupilot.org/t/multiple-flyaways-in-loiter-and-auto/17663,1,https://discuss.ardupilot.org/t/multiple-flyaways-in-loiter-and-auto/17663/1,https://discuss.ardupilot.org/uploads/default/original/2X/f/f40266d37d21bf5fbd884a2df41d7493bba06501.bin,https://discuss.ardupilot.org/uploads/default/original/2X/f/f40266d37d21bf5fbd884a2df41d7493bba06501.bin,log_0061_flyaway.bin,downloaded,bin,536576,,,,,
flyaway,flyaway .bin,69210,https://discuss.ardupilot.org/t/quad-flyaway-need-analysis/69210,1,https://discuss.ardupilot.org/t/quad-flyaway-need-analysis/69210/1,https://www.dropbox.com/s/1hgy17ycvf4d7pv/00000029.BIN?dl=0,https://www.dropbox.com/s/1hgy17ycvf4d7pv/00000029.BIN?dl=1,log_0062_flyaway.bin,downloaded,bin,1462272,,,,,
flyaway,flyaway .bin,41183,https://discuss.ardupilot.org/t/possibly-a-fly-away-please-take-a-look-at-the-log/41183,1,https://discuss.ardupilot.org/t/possibly-a-fly-away-please-take-a-look-at-the-log/41183/1,https://www.dropbox.com/s/3510estj2dtc6ri/2019-04-11%2013-03-43.bin?dl=0,https://www.dropbox.com/s/3510estj2dtc6ri/2019-04-11%2013-03-43.bin?dl=1,log_0063_flyaway.bin,downloaded,bin,19991073,,,,,
flyaway,flyaway .bin,10388,https://discuss.ardupilot.org/t/loiter-toilet-bowl-flyaway-hk-pilot-32/10388,1,https://discuss.ardupilot.org/t/loiter-toilet-bowl-flyaway-hk-pilot-32/10388/1,https://discuss.ardupilot.org/”/uploads/default/original/2X/7/7f28462a33f33419caa7cc1f774db57764b493ef.BIN,https://discuss.ardupilot.org/”/uploads/default/original/2X/7/7f28462a33f33419caa7cc1f774db57764b493ef.BIN,,download_failed,,0,'ascii' codec can't encode character '\u201d' in position 5: ordinal not in range(128),,,,
flyaway,flyaway .bin,53951,https://discuss.ardupilot.org/t/rtl-flyaway-bad-pos-among-others/53951,1,https://discuss.ardupilot.org/t/rtl-flyaway-bad-pos-among-others/53951/1,https://discuss.ardupilot.org/uploads/short-url/yfNjMtfjpugV5ctr1CvSftmRlEF.BIN,https://discuss.ardupilot.org/uploads/short-url/yfNjMtfjpugV5ctr1CvSftmRlEF.BIN,log_0064_flyaway.bin,downloaded,bin,1011712,,gps_quality_poor,xfacta,"Edit: Mike Boland beat me to it There’s a large weight imbalance, heavy towards the rear. This is causing motors 1 and 3 to be doing almost nothing, while motors 2 and 4 work close to their maximum. This leaves no headroom for attitude control. Attitude wasnt great to begin with, but it gets worse as the flight goes on, the motor outputs go all over the place Z axis vibration looks a bit bad, and is usually the numbe",developer_post
flyaway,flyaway .bin,101055,https://discuss.ardupilot.org/t/radio-failsafe-during-operation/101055,1,https://discuss.ardupilot.org/t/radio-failsafe-during-operation/101055/1,https://www.dropbox.com/s/zmr1y91j84zsoa3/2023-05-11%2017-08-06%28Testing%29.bin?dl=0,https://www.dropbox.com/s/zmr1y91j84zsoa3/2023-05-11%2017-08-06%28Testing%29.bin?dl=1,log_0065_flyaway.bin,downloaded,bin,19783680,,rc_failsafe,xfacta,"The altitude issue first It’s likely these are too high MOT_SPIN_ARM,0.14 MOT_SPIN_MIN,0.17 MOT_THST_HOVER,0.5212066 Try these for a starting point MOT_SPIN_ARM,0.10 MOT_SPIN_MIN,0.13 MOT_THST_HOVER,0.2 Vibrations do rise and altitude goes up (which is a problem that can occur) but in your case it’s hard to tell if the vibrations are a cause or symptom because of the short flight time and minimal good data. For testi",developer_post
flyaway,flyaway .bin,101055,https://discuss.ardupilot.org/t/radio-failsafe-during-operation/101055,1,https://discuss.ardupilot.org/t/radio-failsafe-during-operation/101055/1,https://discuss.ardupilot.org/uploads/short-url/sB75zhLsNHbvwByMRs0nPqaLtMl.bin,https://discuss.ardupilot.org/uploads/short-url/sB75zhLsNHbvwByMRs0nPqaLtMl.bin,log_0066_flyaway.bin,downloaded,bin,471040,,rc_failsafe,xfacta,"The altitude issue first It’s likely these are too high MOT_SPIN_ARM,0.14 MOT_SPIN_MIN,0.17 MOT_THST_HOVER,0.5212066 Try these for a starting point MOT_SPIN_ARM,0.10 MOT_SPIN_MIN,0.13 MOT_THST_HOVER,0.2 Vibrations do rise and altitude goes up (which is a problem that can occur) but in your case it’s hard to tell if the vibrations are a cause or symptom because of the short flight time and minimal good data. For testi",developer_post
flyaway,flyaway .bin,15265,https://discuss.ardupilot.org/t/solo-flyaway-and-crash-during-auto-mission/15265,1,https://discuss.ardupilot.org/t/solo-flyaway-and-crash-during-auto-mission/15265/1,https://discuss.ardupilot.org/uploads/default/original/2X/1/1d6479371c10273c90252d5e8915d55d49e27d03.BIN,https://discuss.ardupilot.org/uploads/default/original/2X/1/1d6479371c10273c90252d5e8915d55d49e27d03.BIN,log_0067_flyaway.bin,downloaded,bin,1064960,,,,,
uncontrolled_descent,uncontrolled descent .bin,119799,https://discuss.ardupilot.org/t/copter-unexpected-rapid-climb-after-arming-eventually-crashed/119799,1,https://discuss.ardupilot.org/t/copter-unexpected-rapid-climb-after-arming-eventually-crashed/119799/1,https://discuss.ardupilot.org/uploads/short-url/1UI00F4UErnpVfoG5geJsTPRa6M.BIN,https://discuss.ardupilot.org/uploads/short-url/1UI00F4UErnpVfoG5geJsTPRa6M.BIN,log_0068_uncontrolled_descent.bin,downloaded,bin,380928,,,,,
radio_failsafe,radio failsafe .bin,75598,https://discuss.ardupilot.org/t/dataflash-parameters-to-show-radio-failsafe-event/75598,1,https://discuss.ardupilot.org/t/dataflash-parameters-to-show-radio-failsafe-event/75598/1,https://www.dropbox.com/s/lr3c7prgemsxuxd/Lake%20Ozora%20Failsafe.bin?dl=0&amp;fbclid=IwAR038YV39PELu17OCEQUHPc7bdR67hvosVz4v0JfmZH5Xg9NMq6CJWxLG1I,https://www.dropbox.com/s/lr3c7prgemsxuxd/Lake%20Ozora%20Failsafe.bin?dl=1&amp;fbclid=IwAR038YV39PELu17OCEQUHPc7bdR67hvosVz4v0JfmZH5Xg9NMq6CJWxLG1I,,download_failed,,0,HTTP Error 400: Bad Request,,,,
radio_failsafe,radio failsafe .bin,20456,https://discuss.ardupilot.org/t/traditional-helicopter-failsafe-does-not-control-ch8/20456,8,https://discuss.ardupilot.org/t/traditional-helicopter-failsafe-does-not-control-ch8/20456/8,https://www.dropbox.com/s/2s0vxxdm8cze2pg/26%25209-2-2017%25207-48-04%2520PM.bin.log?dl=0,https://www.dropbox.com/s/2s0vxxdm8cze2pg/26%25209-2-2017%25207-48-04%2520PM.bin.log?dl=1,,not_log_payload,html,99714,,rc_failsafe,ChrisOlson,"Yes, it works. But you have to careful to configure your radio to hold last received value on channels other than 3. If RC signal is lost you don’t want the receiver to tell Channel 8 to go low or it will shut down the engine in flight if RC failsafe activates. The software only looks for failsafe on channel 3 (unfortunately called “throttle” for heli’s, but it’s really collective). The Pixhawk will then control the ",developer_post
radio_failsafe,radio failsafe .bin,20456,https://discuss.ardupilot.org/t/traditional-helicopter-failsafe-does-not-control-ch8/20456,8,https://discuss.ardupilot.org/t/traditional-helicopter-failsafe-does-not-control-ch8/20456/8,https://www.dropbox.com/s/mj4t5t37dq2psko/26%25209-2-2017%25207-48-04%2520PM.bin?dl=0,https://www.dropbox.com/s/mj4t5t37dq2psko/26%25209-2-2017%25207-48-04%2520PM.bin?dl=1,,not_log_payload,html,99842,,rc_failsafe,ChrisOlson,"Yes, it works. But you have to careful to configure your radio to hold last received value on channels other than 3. If RC signal is lost you don’t want the receiver to tell Channel 8 to go low or it will shut down the engine in flight if RC failsafe activates. The software only looks for failsafe on channel 3 (unfortunately called “throttle” for heli’s, but it’s really collective). The Pixhawk will then control the ",developer_post
radio_failsafe,radio failsafe .bin,99762,https://discuss.ardupilot.org/t/quadcopter-gives-radio-failsafe-and-climbs-to-15-meters-immidiately-after-arming/99762,1,https://discuss.ardupilot.org/t/quadcopter-gives-radio-failsafe-and-climbs-to-15-meters-immidiately-after-arming/99762/1,https://discuss.ardupilot.org/uploads/short-url/ku59likLNhY6WZb65gQ3iz3O8Sc.bin,https://discuss.ardupilot.org/uploads/short-url/ku59likLNhY6WZb65gQ3iz3O8Sc.bin,log_0069_radio_failsafe.bin,downloaded,bin,630784,,,,,
radio_failsafe,radio failsafe .bin,70544,https://discuss.ardupilot.org/t/radio-failsafe-with-crsf-with-yaapu-telemetry-with-frsky-taranis-log-analysis-help-requested/70544,1,https://discuss.ardupilot.org/t/radio-failsafe-with-crsf-with-yaapu-telemetry-with-frsky-taranis-log-analysis-help-requested/70544/1,https://www.dropbox.com/s/mtgri67uy6bnpp0/00000016.BIN?dl=0,https://www.dropbox.com/s/mtgri67uy6bnpp0/00000016.BIN?dl=1,,not_log_payload,html,97734,,rc_failsafe,rmackay9,"@CBwintertime , The AP RCIN logs probably won’t show the inputs dropping to zero when the transmitter & receiver lose connection. The values shown in RCIN are always the last known values from the receiver. Different receivers signal a failsafe in different ways. For example Futaba receivers will often drop channel 3 to a very low value while most others will simply stop sending signals (indicated by the “Late Frame”",developer_post
radio_failsafe,radio failsafe .bin,70544,https://discuss.ardupilot.org/t/radio-failsafe-with-crsf-with-yaapu-telemetry-with-frsky-taranis-log-analysis-help-requested/70544,10,https://discuss.ardupilot.org/t/radio-failsafe-with-crsf-with-yaapu-telemetry-with-frsky-taranis-log-analysis-help-requested/70544/10,https://www.dropbox.com/s/g8wexdbp61gpswd/00000033.BIN?dl=0,https://www.dropbox.com/s/g8wexdbp61gpswd/00000033.BIN?dl=1,,not_log_payload,html,97742,,rc_failsafe,rmackay9,"@CBwintertime , The AP RCIN logs probably won’t show the inputs dropping to zero when the transmitter & receiver lose connection. The values shown in RCIN are always the last known values from the receiver. Different receivers signal a failsafe in different ways. For example Futaba receivers will often drop channel 3 to a very low value while most others will simply stop sending signals (indicated by the “Late Frame”",developer_post
radio_failsafe,radio failsafe .bin,110765,https://discuss.ardupilot.org/t/radio-failsafe-fs-thr-enable-4-enabled-smartrtl-or-rtl-quad-flies-away-sticks-locked/110765,6,https://discuss.ardupilot.org/t/radio-failsafe-fs-thr-enable-4-enabled-smartrtl-or-rtl-quad-flies-away-sticks-locked/110765/6,https://www.dropbox.com/scl/fi/glq77u37g2h2am9y1znbo/00000059.BIN?rlkey=1il1m82om6bxxxee0ftpz7gbc&amp;dl=0,https://www.dropbox.com/scl/fi/glq77u37g2h2am9y1znbo/00000059.BIN?rlkey=1il1m82om6bxxxee0ftpz7gbc&amp;dl=1,,download_failed,,0,HTTP Error 400: Bad Request,,,,
radio_failsafe,radio failsafe .bin,65942,https://discuss.ardupilot.org/t/failsafe-sbus-not-working/65942,6,https://discuss.ardupilot.org/t/failsafe-sbus-not-working/65942/6,https://discuss.ardupilot.org/uploads/short-url/o6Lv7fXlIiQa0dskVenKbzoEN8u.bin,https://discuss.ardupilot.org/uploads/short-url/o6Lv7fXlIiQa0dskVenKbzoEN8u.bin,log_0070_radio_failsafe.bin,downloaded,bin,749568,,rc_failsafe,xfacta,"Yes that’s the same as what I get. I have just bound a new receiver (during very low throttle) and Taranis is set to No Pulses. I’m using ArduCopter V4.0.5 on this quad. Arducopter realises there’s no pulses (PWM or SBUS) from the receiver and enters failsafe, same as if the throttle channel goes below the set PWM level. I have a throttle disable switch SF set to drop the throttle channel to 930 PWM or there-about. W",developer_post
radio_failsafe,radio failsafe .bin,65942,https://discuss.ardupilot.org/t/failsafe-sbus-not-working/65942,8,https://discuss.ardupilot.org/t/failsafe-sbus-not-working/65942/8,https://discuss.ardupilot.org/uploads/short-url/vG7jGvly6GczEcqhB9qDhcFrOdo.bin,https://discuss.ardupilot.org/uploads/short-url/vG7jGvly6GczEcqhB9qDhcFrOdo.bin,log_0071_radio_failsafe.bin,downloaded,bin,937984,,rc_failsafe,xfacta,"Yes that’s the same as what I get. I have just bound a new receiver (during very low throttle) and Taranis is set to No Pulses. I’m using ArduCopter V4.0.5 on this quad. Arducopter realises there’s no pulses (PWM or SBUS) from the receiver and enters failsafe, same as if the throttle channel goes below the set PWM level. I have a throttle disable switch SF set to drop the throttle channel to 930 PWM or there-about. W",developer_post
radio_failsafe,radio failsafe .bin,88818,https://discuss.ardupilot.org/t/ekf-failsafe-f9p-rtk-corrections-causes-gps-glitches/88818,1,https://discuss.ardupilot.org/t/ekf-failsafe-f9p-rtk-corrections-causes-gps-glitches/88818/1,https://www.dropbox.com/s/0nhhg2sli746g0s/238%20-%20f9P%20test%20-%20rtk%20corrections%20-%20gps%20glitchess%20-%20EKF%20failsafe.bin?dl=0,https://www.dropbox.com/s/0nhhg2sli746g0s/238%20-%20f9P%20test%20-%20rtk%20corrections%20-%20gps%20glitchess%20-%20EKF%20failsafe.bin?dl=1,,not_log_payload,html,195837,,,,,
radio_failsafe,radio failsafe .bin,88818,https://discuss.ardupilot.org/t/ekf-failsafe-f9p-rtk-corrections-causes-gps-glitches/88818,1,https://discuss.ardupilot.org/t/ekf-failsafe-f9p-rtk-corrections-causes-gps-glitches/88818/1,https://www.dropbox.com/s/7b2omu3pczmsq13/248%20-%20f9P%20test%20-%20rtk%20corrections%20-%20gps%20glitchess-2.bin?dl=0,https://www.dropbox.com/s/7b2omu3pczmsq13/248%20-%20f9P%20test%20-%20rtk%20corrections%20-%20gps%20glitchess-2.bin?dl=1,,not_log_payload,html,194475,,,,,
radio_failsafe,radio failsafe .bin,88818,https://discuss.ardupilot.org/t/ekf-failsafe-f9p-rtk-corrections-causes-gps-glitches/88818,1,https://discuss.ardupilot.org/t/ekf-failsafe-f9p-rtk-corrections-causes-gps-glitches/88818/1,https://www.dropbox.com/s/3r8l3ay9rlfce9u/245%20-%20f9p%20test%20-%20no%20rtk%20corrections%20-%20no%20gps%20glitches.bin?dl=0,https://www.dropbox.com/s/3r8l3ay9rlfce9u/245%20-%20f9p%20test%20-%20no%20rtk%20corrections%20-%20no%20gps%20glitches.bin?dl=1,,not_log_payload,html,194769,,,,,
radio_failsafe,radio failsafe .bin,88818,https://discuss.ardupilot.org/t/ekf-failsafe-f9p-rtk-corrections-causes-gps-glitches/88818,6,https://discuss.ardupilot.org/t/ekf-failsafe-f9p-rtk-corrections-causes-gps-glitches/88818/6,https://www.dropbox.com/s/b12hl0vx8a54uoz/f9p%20test%20-%20ntrip%20connection%20-%20gps%20glitches.bin?dl=0,https://www.dropbox.com/s/b12hl0vx8a54uoz/f9p%20test%20-%20ntrip%20connection%20-%20gps%20glitches.bin?dl=1,,not_log_payload,html,193977,,,,,
radio_failsafe,radio failsafe .bin,88818,https://discuss.ardupilot.org/t/ekf-failsafe-f9p-rtk-corrections-causes-gps-glitches/88818,16,https://discuss.ardupilot.org/t/ekf-failsafe-f9p-rtk-corrections-causes-gps-glitches/88818/16,https://www.dropbox.com/s/vjqa2bdg7ezjfyj/test%20flight%20requested%20by%20Yuri.bin?dl=0,https://www.dropbox.com/s/vjqa2bdg7ezjfyj/test%20flight%20requested%20by%20Yuri.bin?dl=1,,not_log_payload,html,193069,,,,,
radio_failsafe,radio failsafe .bin,132480,https://discuss.ardupilot.org/t/ekf3-failsafe-problem/132480,1,https://discuss.ardupilot.org/t/ekf3-failsafe-problem/132480/1,https://www.dropbox.com/scl/fi/vnnp0iovjq35mq1tby779/00000001.BIN?rlkey=zx3qqqmy933309gr88xvz0p28&amp;st=579hc5l8&amp;dl=0,https://www.dropbox.com/scl/fi/vnnp0iovjq35mq1tby779/00000001.BIN?rlkey=zx3qqqmy933309gr88xvz0p28&amp;st=579hc5l8&amp;dl=1,,download_failed,,0,HTTP Error 400: Bad Request,,,,
radio_failsafe,radio failsafe .bin,29537,https://discuss.ardupilot.org/t/runaway-drone-what-went-wrong/29537,4,https://discuss.ardupilot.org/t/runaway-drone-what-went-wrong/29537/4,http://webdesign.no/tmp/drone-crash-2018-05-27.zip,http://webdesign.no/tmp/drone-crash-2018-05-27.zip,,download_failed,,0,HTTP Error 404: Not Found,,,,
